URL,案件名,単価,契約形態,最寄り駅,業界/職種・ポジション,職務内容,求めるスキル,扱う技術,精算,現場の環境,おすすめポイント,担当者コメント
https://freelance.levtech.jp/project/detail/44998/,New 【映像中継】ネットワーク整備の求人・案件,"〜400,000円",業務委託（フリーランス）,半蔵門（東京都）,放送・出版・音楽・芸能,"
職務内容
スポーツや音楽ライブの中継映像を
ネットワークに載せる作業を担当していただきます。
","
求めるスキル

・steamstar(スロバキア産のスイッチャー)の使用経験
・ホークアイの使用経験

※上記に似た経験やスキルをお持ちであれば申し込み可能なケースもございます！まずはお気軽にご相談ください！
自分のスキルで参画できるか相談してみる

",この会社が扱う技術は取得できませんでした,"
精算・お支払い


精算条件

標準となる稼働時間が定められている場合、その契約上、稼働時間が上限値を超過したり、反対に下限値を下回った場合には実際の作業時間に基づき標準となる委託料から増額または減額されることになります。ここではこのような精算のある契約を「有」、精算のない契約については「無」と表記しています。

有



精算基準時間

標準となる稼働時間の上限値・下限値です。業務委託案件の契約上、稼働時間が上限値を超過したり、下限値を下回った場合には実際の作業時間に基づき標準となる委託料から増額または減額されます。


140時間　～　180時間



支払いサイト

報酬お支払いまでの期間です。基本、月末締め翌月15日払いの15日サイトをとっています。※業務委託契約のみに適用※参画する現場により変動する場合があります。


15日


","
現場の環境


詳しくはカウンセラーにお聞きください
※一部の案件に限ります


","
おすすめポイント

20代活躍中
30代活躍中

","テレビ番組制作、映像技術制作、ネットコンテンツ制作、CM制作、ロケバスサービスなどを一貫して行っている、約60年続く総合プロダクションからの案件です。

スポーツや音楽ライブの中継映像をネットワークに載せる、
最先端のスポーツ中継技術に携わることができます。"
https://freelance.levtech.jp/project/detail/45029/,New 【Windows】サーバ管理の求人・案件,"〜450,000円",業務委託（フリーランス）,渋谷（東京都）,インフラエンジニア,"
職務内容
・サーバ全般に携わっていただきます｡
・ストレージ、WindowsServer関連が多めで
　その他、ネットワーク系でのサポート業務もございます。
　(Windows/Linux/大容量のストレージ/仮想サーバー 等)
","
求めるスキル

・WindowsServerの経験/知見
・システム管理者経験

【歓迎スキル】
・MCSE 等資格を保有していること

※上記に似た経験やスキルをお持ちであれば申し込み可能なケースもございます！まずはお気軽にご相談ください！
自分のスキルで参画できるか相談してみる

","
この会社が扱う技術


OS

Windows
Linux
Windows Server



","
精算・お支払い


精算条件

標準となる稼働時間が定められている場合、その契約上、稼働時間が上限値を超過したり、反対に下限値を下回った場合には実際の作業時間に基づき標準となる委託料から増額または減額されることになります。ここではこのような精算のある契約を「有」、精算のない契約については「無」と表記しています。

無



支払いサイト

報酬お支払いまでの期間です。基本、月末締め翌月15日払いの15日サイトをとっています。※業務委託契約のみに適用※参画する現場により変動する場合があります。


15日


","
現場の環境


詳しくはカウンセラーにお聞きください
※一部の案件に限ります


","
おすすめポイント

長期プロジェクト

","レバテック実績有りの企業でございます｡

WindowsServerの知見があり、システム管理者経験がある方にマッチします。"
https://freelance.levtech.jp/project/detail/45000/,New 【COBOL/Oracle/Solaris11】業務系システム更改PM補佐の求人・案件,"〜650,000円",業務委託（フリーランス）,五反田（東京都）,データベースエンジニア・SE (システムエンジニア)・プロジェクトマネージャー(PM),"
職務内容
・業務系システム更改に携わっていただきます｡
・PMの技術補佐として､要件定義工程、設計、開発、テストをご担当いただきます｡
・COBOL開発ベンダをマネジメントするPMを技術的見地からのサポートです｡
","
求めるスキル

・COBOL､Oracle､Solaris11のシステム構築経験/知見
・COBOLの開発経験
・業務系システムの基本設計､詳細設計､開発､テストの経験/知見

【歓迎スキル】
・PMまたはPL経験
・べンダーコントロール経験

※上記に似た経験やスキルをお持ちであれば申し込み可能なケースもございます！まずはお気軽にご相談ください！
自分のスキルで参画できるか相談してみる

","
この会社が扱う技術


言語

COBOL



DB

Oracle



その他ツール

AWS



","
精算・お支払い


精算条件

標準となる稼働時間が定められている場合、その契約上、稼働時間が上限値を超過したり、反対に下限値を下回った場合には実際の作業時間に基づき標準となる委託料から増額または減額されることになります。ここではこのような精算のある契約を「有」、精算のない契約については「無」と表記しています。

有



精算基準時間

標準となる稼働時間の上限値・下限値です。業務委託案件の契約上、稼働時間が上限値を超過したり、下限値を下回った場合には実際の作業時間に基づき標準となる委託料から増額または減額されます。


140時間　～　180時間



支払いサイト

報酬お支払いまでの期間です。基本、月末締め翌月15日払いの15日サイトをとっています。※業務委託契約のみに適用※参画する現場により変動する場合があります。


15日


","
現場の環境


詳しくはカウンセラーにお聞きください
※一部の案件に限ります


",おすすめポイントは取得できませんでした,"現行システムは､言語 COBOL・DB Oracle・OS Solarisのシステムで､
COBOL→COBOLのシステム更改の案件でございます｡

業務系システムの基本設計、詳細設計、開発、テストの経験及び知見がある方にマッチします。"
https://freelance.levtech.jp/project/detail/44992/,New 【AWS】プロダクト運用効率化の求人・案件,"〜800,000円",業務委託（フリーランス）,渋谷（東京都）,インフラエンジニア,"
職務内容
・プロダクトの運用効率化をメインに、アーキテクチャ設計からご担当いただきます。
","
求めるスキル

・AWSを中心としたクラウドインフラ経験 3年以上

【歓迎スキル】
・アーキテクチャ設計など上流工程から関わった経験

※上記に似た経験やスキルをお持ちであれば申し込み可能なケースもございます！まずはお気軽にご相談ください！
自分のスキルで参画できるか相談してみる

","
この会社が扱う技術


OS

Ubuntu



その他ツール

AWS
,  Docker



",精算・お支払いは取得できませんでした,"
現場の環境


詳しくはカウンセラーにお聞きください
※一部の案件に限ります


",おすすめポイントは取得できませんでした,"日本NO1のSaaSプロダクト案件に携わっていただきます。

AWSを中心としたクラウドインフラエンジニア経験が3年以上ある方にマッチします。"
https://freelance.levtech.jp/project/detail/44980/,New 【Go】ドローン自動操縦アプリサーバサイド開発の求人・案件,"〜950,000円",業務委託（フリーランス）,品川（東京都）,SE (システムエンジニア)・プログラマー(PG),"
職務内容
・ドローンのオリジナルプロダクトにおける既存機能拡張や
　新規プロダクト開発をご担当いただきます。
・具体的には下記業務内容をご対応いただきます。
　-ドローンを活用したアプリの開発
-非技術部門との仕様策定・調整
　-クラウドサービスへのデータ連携
　-ネイティブアプリとのAPI連携開発
","
求めるスキル

・Java、PHP、Ruby、Pythonのいずれかを用いた開発経験3年以上
・フロントエンド開発経験

【歓迎スキル】
・Golangの経験
・AWS、GCPの経験
・TypeScriptの経験
・非技術部門との仕様策定・調整経験
・外部SDK利用をした開発経験
・IoTデバイスへの連携実績
・スタートアップでの実務経験

※上記に似た経験やスキルをお持ちであれば申し込み可能なケースもございます！まずはお気軽にご相談ください！
自分のスキルで参画できるか相談してみる

","
この会社が扱う技術


言語

PHP
Python
Go言語
Perl



フレームワーク

Backbone.js
AngularJS
React



DB

MySQL



OS

iOS



その他ツール

AWS
,  GitHub
,  Docker



","
精算・お支払い


精算条件

標準となる稼働時間が定められている場合、その契約上、稼働時間が上限値を超過したり、反対に下限値を下回った場合には実際の作業時間に基づき標準となる委託料から増額または減額されることになります。ここではこのような精算のある契約を「有」、精算のない契約については「無」と表記しています。

有



精算基準時間

標準となる稼働時間の上限値・下限値です。業務委託案件の契約上、稼働時間が上限値を超過したり、下限値を下回った場合には実際の作業時間に基づき標準となる委託料から増額または減額されます。


140時間　～　180時間



支払いサイト

報酬お支払いまでの期間です。基本、月末締め翌月15日払いの15日サイトをとっています。※業務委託契約のみに適用※参画する現場により変動する場合があります。


15日


","
現場の環境


詳しくはカウンセラーにお聞きください
※一部の案件に限ります


","
おすすめポイント

外国籍の方も活躍中
BtoB向け
取引実績あり
週3日から可能

","大規模な出資を受け、勢いのあるレバテック実績有りの企業です。

現在注目を集めている、ドローン関連サービスに携わっていただけます。
自分が書いたコードにより、実際にドローンが動きますので
興味深い経験ができる現場でございます。

IoT開発に興味のある方、
ユーザからのフィードバックをダイレクトに受け、
サービス開発に活かしたい方へお薦めの案件でございます。"
https://freelance.levtech.jp/project/detail/45013/,New 【インフラ/Linux/AWS】ゲーム会社インフラの求人・案件,"〜800,000円",業務委託（フリーランス）,渋谷（東京都）,業界/職種は取得できませんでした,"
職務内容
・大手ゲーム企業にて、インフラ業務をご担当いただきます。
・スキルやご経験に応じてインフラの設計、構築、テスト、運用に携わっていただきます。
・メインはソーシャルゲームのインフラですが、
　タイミングよっては社内インフラをご担当いただく場合もございます。
","
求めるスキル

・Linux、Apache、DBサーバを利用したインフラ構築運用経験3年以上

【歓迎スキル】
・MySQL、memcached、Redis、node、Fusion-io、
　LVS、BIG-IP等のインフラ構築運用経験
・MySQLのチューニング経験
・MySQL、PHPによるWebサイト開発経験
・AWS等のクラウド利用経験
・Akamai等のCDNの利用経験
・Fusion-io等の利用経験

※上記に似た経験やスキルをお持ちであれば申し込み可能なケースもございます！まずはお気軽にご相談ください！
自分のスキルで参画できるか相談してみる

","
この会社が扱う技術


OS

Linux



その他ツール

AWS



","
精算・お支払い


精算条件

標準となる稼働時間が定められている場合、その契約上、稼働時間が上限値を超過したり、反対に下限値を下回った場合には実際の作業時間に基づき標準となる委託料から増額または減額されることになります。ここではこのような精算のある契約を「有」、精算のない契約については「無」と表記しています。

無



支払いサイト

報酬お支払いまでの期間です。基本、月末締め翌月15日払いの15日サイトをとっています。※業務委託契約のみに適用※参画する現場により変動する場合があります。


15日


","
現場の環境


詳しくはカウンセラーにお聞きください
※一部の案件に限ります


",おすすめポイントは取得できませんでした,"総ユーザー数5000万人を超える大手ソーシャルゲーム会社での業務となります。 

世の中に面白いゲームを提供するために、 
クオリティをとことん追求する集団です。 

技術力も高いエンジニアが多くおり、 
自身のスキルアップができる環境が整っております。 

とにかくおもしろいゲームを作りたい、 
多くのユーザーを楽しませたいという思考をお持ちの方はよりマッチ致します。"
https://freelance.levtech.jp/project/detail/44988/,New 【Unity】コンテンツ配信プラットフォーム開発の求人・案件,"〜800,000円",業務委託（フリーランス）,末広町（東京都）,SE (システムエンジニア)・プログラマー(PG),"
職務内容
・ライブストリーミング配信システムの開発および運用に携わっていただきます。
・設計から幅広くご担当いただきます。
※ご担当範囲は、スキルや経験および進捗状況により変動いたします。
","
求めるスキル

・Unityを用いた開発実務経験
・Gitを用いた複数人での開発経験

【歓迎スキル】
・AR、VRの開発に関与した経験
・C++の経験
・スマートフォンアプリの開発・運用経験

※上記に似た経験やスキルをお持ちであれば申し込み可能なケースもございます！まずはお気軽にご相談ください！
自分のスキルで参画できるか相談してみる

","
この会社が扱う技術


その他ツール

Unity
,  Git



","
精算・お支払い


精算条件

標準となる稼働時間が定められている場合、その契約上、稼働時間が上限値を超過したり、反対に下限値を下回った場合には実際の作業時間に基づき標準となる委託料から増額または減額されることになります。ここではこのような精算のある契約を「有」、精算のない契約については「無」と表記しています。

有



精算基準時間

標準となる稼働時間の上限値・下限値です。業務委託案件の契約上、稼働時間が上限値を超過したり、下限値を下回った場合には実際の作業時間に基づき標準となる委託料から増額または減額されます。


140時間　～　180時間



支払いサイト

報酬お支払いまでの期間です。基本、月末締め翌月15日払いの15日サイトをとっています。※業務委託契約のみに適用※参画する現場により変動する場合があります。


15日


","
現場の環境


詳しくはカウンセラーにお聞きください
※一部の案件に限ります


","
おすすめポイント

20代活躍中
30代活躍中
新規立ち上げ

","スタートアップ企業にてAR、VRサービスの開発案件になります。

意見やアイディアを十分に反映させることができる風通しの良い環境です。
新しい技術やサービスに日頃から関心を持ち、
成果やプロダクトをアウトプットしていきたい方にオススメの案件です。"
https://freelance.levtech.jp/project/detail/45027/,New 【Mac/Linux】情報システム管理の求人・案件,"〜500,000円",業務委託（フリーランス）,渋谷（東京都）,インフラエンジニア,"
職務内容
・macOS/OS Xのシステム管理をご担当いただきます。
・大規模ストレージやネットワーク系でのサポート作業もございます。
","
求めるスキル

・macOSの知見、かつ、下記いずれかの経験
-システム管理者
-何かしらのOSのシステム管理者(Linux/Windows 等)

【歓迎スキル】
・iOSおよびAndroidの知見/管理経験
・LinuxまたはFreeBSDまたはWindowsのシステム管理者経験
・ネットワーク管理者経験
・ACMT/ACiT資格を保有していること
・LPIC1～3/MCSA/MCSE/CCNA/CCNP/応用情報技術者

※上記に似た経験やスキルをお持ちであれば申し込み可能なケースもございます！まずはお気軽にご相談ください！
自分のスキルで参画できるか相談してみる

","
この会社が扱う技術


OS

Android
Windows
Linux
iOS
FreeBSD



","
精算・お支払い


精算条件

標準となる稼働時間が定められている場合、その契約上、稼働時間が上限値を超過したり、反対に下限値を下回った場合には実際の作業時間に基づき標準となる委託料から増額または減額されることになります。ここではこのような精算のある契約を「有」、精算のない契約については「無」と表記しています。

無



支払いサイト

報酬お支払いまでの期間です。基本、月末締め翌月15日払いの15日サイトをとっています。※業務委託契約のみに適用※参画する現場により変動する場合があります。


15日


","
現場の環境


詳しくはカウンセラーにお聞きください
※一部の案件に限ります


","
おすすめポイント

長期プロジェクト

","レバテック実績有りの企業でございます｡

macOSの知見がある方にマッチします。"
https://freelance.levtech.jp/project/detail/44937/,New 【PHP/Laravel】基幹システム開発の求人・案件,"〜700,000円",業務委託（フリーランス）,虎ノ門（東京都）,プログラマー(PG),"
職務内容
・PHP、Laravelを使用してWEB基幹システムの開発をご担当いただきます。
","
求めるスキル

・PHPを用いた開発経験4年以上
・Laravelを用いた実務経験

※上記に似た経験やスキルをお持ちであれば申し込み可能なケースもございます！まずはお気軽にご相談ください！
自分のスキルで参画できるか相談してみる

","
この会社が扱う技術


言語

JavaScript
PHP



フレームワーク

Laravel



その他ツール

Git
,  Backlog



","
精算・お支払い


精算条件

標準となる稼働時間が定められている場合、その契約上、稼働時間が上限値を超過したり、反対に下限値を下回った場合には実際の作業時間に基づき標準となる委託料から増額または減額されることになります。ここではこのような精算のある契約を「有」、精算のない契約については「無」と表記しています。

有



精算基準時間

標準となる稼働時間の上限値・下限値です。業務委託案件の契約上、稼働時間が上限値を超過したり、下限値を下回った場合には実際の作業時間に基づき標準となる委託料から増額または減額されます。


140時間　～　180時間



支払いサイト

報酬お支払いまでの期間です。基本、月末締め翌月15日払いの15日サイトをとっています。※業務委託契約のみに適用※参画する現場により変動する場合があります。


15日


","
現場の環境


詳しくはカウンセラーにお聞きください
※一部の案件に限ります


","
おすすめポイント

20代活躍中
30代活躍中
長期プロジェクト
取引実績あり

","レバテック実績ありの企業の案件でございます。

虎ノ門駅より徒歩5分、もしくは、
JR新橋駅より徒歩10分圏内でアクセスの良い作業現場になります。

Laravelを用いた開発経験がある方にお勧めの案件でございます。"
https://freelance.levtech.jp/project/detail/44997/,New 【Kpopライブ】アシスタントプロデューサーの求人・案件,"〜400,000円",業務委託（フリーランス）,半蔵門（東京都）,放送・出版・音楽・芸能,"
職務内容
国内で開催されるKpopアイドルなどのライブ中継の
アシスタントプロデューサーをお任せいたします。
","
求めるスキル

・音楽ライブでのアシスタントプロデューサー経験

※上記に似た経験やスキルをお持ちであれば申し込み可能なケースもございます！まずはお気軽にご相談ください！
自分のスキルで参画できるか相談してみる

",この会社が扱う技術は取得できませんでした,"
精算・お支払い


精算条件

標準となる稼働時間が定められている場合、その契約上、稼働時間が上限値を超過したり、反対に下限値を下回った場合には実際の作業時間に基づき標準となる委託料から増額または減額されることになります。ここではこのような精算のある契約を「有」、精算のない契約については「無」と表記しています。

有



精算基準時間

標準となる稼働時間の上限値・下限値です。業務委託案件の契約上、稼働時間が上限値を超過したり、下限値を下回った場合には実際の作業時間に基づき標準となる委託料から増額または減額されます。


140時間　～　180時間



支払いサイト

報酬お支払いまでの期間です。基本、月末締め翌月15日払いの15日サイトをとっています。※業務委託契約のみに適用※参画する現場により変動する場合があります。


15日


","
現場の環境


詳しくはカウンセラーにお聞きください
※一部の案件に限ります


","
おすすめポイント

20代活躍中
30代活躍中
外国語を活かす

","テレビ番組制作、映像技術制作、ネットコンテンツ制作、CM制作、ロケバスサービスなどを一貫して行っている、約60年続く総合プロダクションからの案件です。

国内で開催される音楽ライブのアシスタントプロデューサーをご担当いただきます。

Kpopアイドルが好きな方によりマッチする作業内容です。"
https://freelance.levtech.jp/project/detail/45003/,New 【Ruby】スポーツ系Webサービス開発の求人・案件,"〜800,000円",業務委託（フリーランス）,渋谷（東京都）,SE (システムエンジニア)・プロジェクトマネージャー(PM)・プログラマー(PG)・プロジェクトリーダー(PL),"
職務内容
・既存のWebサービスを大幅リニューアルしていただく案件です。
　現在WordPressでできているサービスですが、
　Ruby on Rails+Nuxt.js+AWSで再構築される予定です。
・ご参画いただく方の希望と経験に応じて、
　フロントエンド、サーバーサイド、インフラの領域にて
　横断的に携わっていただきます。
","
求めるスキル

・Ruby on Railsを用いた開発経験2年以上
・REST APIによるAPIの設計の実務経験
・MySQLやPostgreSQLなどのRDBを使った開発実務経験
・単体テスト及び結合テストの実務経験

【歓迎スキル】
・複数言語でのサーバサイド開発経験
・テックリードの経験
・BtoCサービスの設計・開発・運用経験
・テーブル設計の経験
・フロントエンドの開発経験
・アジャイルによる開発経験
・スポーツが好きであること

※上記に似た経験やスキルをお持ちであれば申し込み可能なケースもございます！まずはお気軽にご相談ください！
自分のスキルで参画できるか相談してみる

","
この会社が扱う技術


言語

Ruby



","
精算・お支払い


精算条件

標準となる稼働時間が定められている場合、その契約上、稼働時間が上限値を超過したり、反対に下限値を下回った場合には実際の作業時間に基づき標準となる委託料から増額または減額されることになります。ここではこのような精算のある契約を「有」、精算のない契約については「無」と表記しています。

有



精算基準時間

標準となる稼働時間の上限値・下限値です。業務委託案件の契約上、稼働時間が上限値を超過したり、下限値を下回った場合には実際の作業時間に基づき標準となる委託料から増額または減額されます。


140時間　～　180時間



支払いサイト

報酬お支払いまでの期間です。基本、月末締め翌月15日払いの15日サイトをとっています。※業務委託契約のみに適用※参画する現場により変動する場合があります。


15日


","
現場の環境


詳しくはカウンセラーにお聞きください
※一部の案件に限ります


","
おすすめポイント

20代活躍中
30代活躍中

","スポーツ×人の教育を軸としたサービスを展開している企業です。

コミュニケーションを取りながら開発を進めていく環境の中で、
裁量を持って携わりたい方におすすめの案件です。"
https://freelance.levtech.jp/project/detail/44993/,New 【フロントエンド】EC系サービスの求人・案件,"〜600,000円",業務委託（フリーランス）,表参道（東京都）,ECサイト・フロントエンドエンジニア,"
職務内容
ECに関するサービスのフロントエンド開発をお任せいたします。
","
求めるスキル

・Javascript開発経験2年以上
・ECサービス経験

【歓迎スキル】
・Google Analyticsの知見

※上記に似た経験やスキルをお持ちであれば申し込み可能なケースもございます！まずはお気軽にご相談ください！
自分のスキルで参画できるか相談してみる

","
この会社が扱う技術


言語

JavaScript



","
精算・お支払い


精算条件

標準となる稼働時間が定められている場合、その契約上、稼働時間が上限値を超過したり、反対に下限値を下回った場合には実際の作業時間に基づき標準となる委託料から増額または減額されることになります。ここではこのような精算のある契約を「有」、精算のない契約については「無」と表記しています。

有



精算基準時間

標準となる稼働時間の上限値・下限値です。業務委託案件の契約上、稼働時間が上限値を超過したり、下限値を下回った場合には実際の作業時間に基づき標準となる委託料から増額または減額されます。


140時間　～　180時間



支払いサイト

報酬お支払いまでの期間です。基本、月末締め翌月15日払いの15日サイトをとっています。※業務委託契約のみに適用※参画する現場により変動する場合があります。


15日


","
現場の環境


詳しくはカウンセラーにお聞きください
※一部の案件に限ります


","
おすすめポイント

急募
BtoC向け

","企業の消費・購買にフォーカスした施策・ソリューションを提供している企業でございます。

クライアント企業のプロジェクトに入り込むことはもちろん、新規事業として独自のプロダクトも開発しており、
これまでECのご経験がある方にマッチする案件でございます。"
https://freelance.levtech.jp/project/detail/45017/,New 【上流/Azure】通信IT関連向け認証基盤更改の求人・案件,"〜600,000円",業務委託（フリーランス）,上野（東京都）,インフラエンジニア・SE (システムエンジニア),"
職務内容
・認証基盤更改(AzureAD)に携わっていただきます｡
・MSプロダクトの導入においてPJ計画立案、要件定義、設計、構築等があり、
　特に下記を行っていただきます｡
-AzureAD、AzureAD connect等を使用した認証基盤の設計構築業務
-O365との繋ぎこみにおける各種セキュリティ等の検討業務
","
求めるスキル

・Azure、AzureAD、AzureAD connect等の技術知見を用いた設計/構築/運用の経験
・Active Directory、ADFS等の知見

【歓迎スキル】
・O365、M365の設計/構築/運用の経験
・Azure Securityに関する知見
・AD、WSUS/、ntuneの知見
・クラウドの知見

※上記に似た経験やスキルをお持ちであれば申し込み可能なケースもございます！まずはお気軽にご相談ください！
自分のスキルで参画できるか相談してみる

","
この会社が扱う技術


その他ツール

Microsoft Azure



","
精算・お支払い


精算条件

標準となる稼働時間が定められている場合、その契約上、稼働時間が上限値を超過したり、反対に下限値を下回った場合には実際の作業時間に基づき標準となる委託料から増額または減額されることになります。ここではこのような精算のある契約を「有」、精算のない契約については「無」と表記しています。

有



精算基準時間

標準となる稼働時間の上限値・下限値です。業務委託案件の契約上、稼働時間が上限値を超過したり、下限値を下回った場合には実際の作業時間に基づき標準となる委託料から増額または減額されます。


140時間　～　180時間



支払いサイト

報酬お支払いまでの期間です。基本、月末締め翌月15日払いの15日サイトをとっています。※業務委託契約のみに適用※参画する現場により変動する場合があります。


15日


","
現場の環境


詳しくはカウンセラーにお聞きください
※一部の案件に限ります


","
おすすめポイント

長期プロジェクト

","レバテック実績有りの企業です。

AzureADの技術知見があり、設計・構築・運用経験がある方にマッチします。"
https://freelance.levtech.jp/project/detail/45030/,New 【Python/Go/TypeScript】新規効果予測システム開発の求人・案件,"〜950,000円",業務委託（フリーランス）,渋谷（東京都）,業界/職種は取得できませんでした,"
職務内容
・クリエイティブ制作のプロセスを支援する新サービスの開発をご担当いただきます。
・クリエイターが作成したクリエイティブを、
　AIで効果予測するシステムとなり主な作業は下記内容となります。
　-データ基盤の設計開発と保守運用
　-管理画面や効果予測エンジンの機能開発
","
求めるスキル

・GitHubでのPull Requestを利用した開発フロー経験
・MySQL等、DB設計の経験
・Pythonを用いたWebサービスの開発経験
・GCPなどパブリッククラウドを用いた開発経験

【歓迎スキル】
・Golangを用いた Web サービスの開発経験
・Vue.js、TypeScriptなどを用いたフロントエンドの開発経験
・機械学習への興味関心

※上記に似た経験やスキルをお持ちであれば申し込み可能なケースもございます！まずはお気軽にご相談ください！
自分のスキルで参画できるか相談してみる

",この会社が扱う技術は取得できませんでした,"
精算・お支払い


精算条件

標準となる稼働時間が定められている場合、その契約上、稼働時間が上限値を超過したり、反対に下限値を下回った場合には実際の作業時間に基づき標準となる委託料から増額または減額されることになります。ここではこのような精算のある契約を「有」、精算のない契約については「無」と表記しています。

無



支払いサイト

報酬お支払いまでの期間です。基本、月末締め翌月15日払いの15日サイトをとっています。※業務委託契約のみに適用※参画する現場により変動する場合があります。


15日


","
現場の環境


詳しくはカウンセラーにお聞きください
※一部の案件に限ります


",おすすめポイントは取得できませんでした,"現場の雰囲気も明るく、交流会や勉強会も頻繁に行われており、 
新しいアイディアを積極的に取り組む文化がございます。 

スペックの高いPCやディスプレイの貸与、 
ジュースの飲み放題等、作業しやすい環境が整っています。

メンバーと密にコミュニケーションを取り、 
スピード感をもって主体的に開発を進めていくため、 
コミュニケーションを取りながらの開発が好きな方にお薦めの案件でございます。"
https://freelance.levtech.jp/project/detail/44996/,New 【VPN】PC/ネットワークヘルプデスクの求人・案件,"〜550,000円",業務委託（フリーランス）,横浜（神奈川県）,ネットワークエンジニア,"
職務内容
・下記を行っていただきます。
-ノートPCのトラブル対応(不定期)
-PC操作の補助
-VPNネットワーク構成しているサーバのトラブル対応(3台)
-SAP(発注/受注管理)の操作方法説明
-新規ソフトウェアの導入支援(ニーズに合わせたソフトウェアの選定)
","
求めるスキル

・ヘルプデスク業務経験 2年以上
・VPNネットワークへの知見

【歓迎スキル】
・基幹システム(SAP)に関する経験

※上記に似た経験やスキルをお持ちであれば申し込み可能なケースもございます！まずはお気軽にご相談ください！
自分のスキルで参画できるか相談してみる

","
この会社が扱う技術


DB

Oracle



OS

Windows



","
精算・お支払い


精算条件

標準となる稼働時間が定められている場合、その契約上、稼働時間が上限値を超過したり、反対に下限値を下回った場合には実際の作業時間に基づき標準となる委託料から増額または減額されることになります。ここではこのような精算のある契約を「有」、精算のない契約については「無」と表記しています。

有



精算基準時間

標準となる稼働時間の上限値・下限値です。業務委託案件の契約上、稼働時間が上限値を超過したり、下限値を下回った場合には実際の作業時間に基づき標準となる委託料から増額または減額されます。


140時間　～　180時間



支払いサイト

報酬お支払いまでの期間です。基本、月末締め翌月15日払いの15日サイトをとっています。※業務委託契約のみに適用※参画する現場により変動する場合があります。


15日


","
現場の環境


詳しくはカウンセラーにお聞きください
※一部の案件に限ります


",おすすめポイントは取得できませんでした,"PC/ネットワークのヘルプデスクをご担当いただきます。

VPNネットワーク知見があり、ヘルプデスク業務経験が2年以上ある方にマッチします。"
https://freelance.levtech.jp/project/detail/45012/,New 【Go/Python/AWS】大手Webメディア/SREの求人・案件,"〜850,000円",業務委託（フリーランス）,築地市場（東京都）,放送・出版・音楽・芸能・アプリケーションエンジニア,"
職務内容
・大手新聞社のデジタルメディアサイトでSREに携わっていただきます。
・デジタル化を強力にドライブしていくため、
　現状の課題点を把握、KPIを見ながら継続的に改善していただきます。
・高速で心地よいユーザー体験と開発者体験を実現するため、
　施策の提案や実装を担当いただきます。
※担当範囲は、スキルや経験および進捗状況により変動いたします。
","
求めるスキル

・Goの実務経験
・API開発の実務経験
・設計の実務経験
・MongoDBもしくはAWS DocumentDBの実務経験
・マイクロサービスアーキテクチャの知識もしくは適用の経験
【下記から1点必須】
・障害テストやテストコードの実務経験
・Gitを用いたスクラム開発の実務経験
・AWSの実務経験
・ECS-Fargateの実務経験
・IaCの実務経験
・CI/CD環境構築の実務経験
・テックリードの実務経験
・レビュールールやガイドライン策定の実務経験

【歓迎スキル】
・TerraformやAWS SAM等の実務経験
・Pythonの実務経験
・EKSやGKEなどでのKubernetes実務経験
・開発チームのマネージメント実務経験
・スクラムマスターの実務経験
・パフォーマンスを考慮した設計や実装およびチューニングの実務経験
・メディア開発の実務経験
・AWS構築の実務経験
・フルスタックの実務経験
・OOPの実務経験
・SREの実務経験
・アーキテクトや技術選定の実務経験
・OSSなどへのコントリビュートやオーナーシップの経験

※上記に似た経験やスキルをお持ちであれば申し込み可能なケースもございます！まずはお気軽にご相談ください！
自分のスキルで参画できるか相談してみる

",この会社が扱う技術は取得できませんでした,"
精算・お支払い


精算条件

標準となる稼働時間が定められている場合、その契約上、稼働時間が上限値を超過したり、反対に下限値を下回った場合には実際の作業時間に基づき標準となる委託料から増額または減額されることになります。ここではこのような精算のある契約を「有」、精算のない契約については「無」と表記しています。

有



精算基準時間

標準となる稼働時間の上限値・下限値です。業務委託案件の契約上、稼働時間が上限値を超過したり、下限値を下回った場合には実際の作業時間に基づき標準となる委託料から増額または減額されます。


140時間　～　180時間



支払いサイト

報酬お支払いまでの期間です。基本、月末締め翌月15日払いの15日サイトをとっています。※業務委託契約のみに適用※参画する現場により変動する場合があります。


15日


","
現場の環境


詳しくはカウンセラーにお聞きください
※一部の案件に限ります


","
おすすめポイント

長期プロジェクト

","大手新聞社内に常駐して、デジタルメディアの開発をお任せいたします。
現状レガシーな開発環境のため、課題を把握し、モダンな環境へと改善するための提案/実装をしていただきます。
長期的に裁量をもって、課題解決のための開発をしていきたい方におすすめの案件です。"
https://freelance.levtech.jp/project/detail/44941/,New 【Azure】投資ファンド企業向けシステム移管/体制構築の求人・案件,"〜600,000円",業務委託（フリーランス）,有楽町（東京都）,インフラエンジニア,"
職務内容
・SalesforceからAzureへの移管をご担当いただきます。
・Azureへの移管と、それに伴うAzureの保守体制構築を行っていただきます。
","
求めるスキル

・オンプレからAzureもしくはSalesforceからAzureの移管経験
・システム開発経験

【歓迎スキル】
・Salesforce関連システムの開発、カスタマイズ経験

※上記に似た経験やスキルをお持ちであれば申し込み可能なケースもございます！まずはお気軽にご相談ください！
自分のスキルで参画できるか相談してみる

","
この会社が扱う技術


その他ツール

Microsoft Azure



","
精算・お支払い


精算条件

標準となる稼働時間が定められている場合、その契約上、稼働時間が上限値を超過したり、反対に下限値を下回った場合には実際の作業時間に基づき標準となる委託料から増額または減額されることになります。ここではこのような精算のある契約を「有」、精算のない契約については「無」と表記しています。

有



精算基準時間

標準となる稼働時間の上限値・下限値です。業務委託案件の契約上、稼働時間が上限値を超過したり、下限値を下回った場合には実際の作業時間に基づき標準となる委託料から増額または減額されます。


140時間　～　180時間



支払いサイト

報酬お支払いまでの期間です。基本、月末締め翌月15日払いの15日サイトをとっています。※業務委託契約のみに適用※参画する現場により変動する場合があります。


15日


","
現場の環境


詳しくはカウンセラーにお聞きください
※一部の案件に限ります


",おすすめポイントは取得できませんでした,"レバテック実績ありの企業です。

Azureの経験がある方にマッチします。"
https://freelance.levtech.jp/project/detail/44985/,New 【PHP】教育動画サービスサイト向け開発の求人・案件,"〜950,000円",業務委託（フリーランス）,渋谷（東京都）,人材･教育・SE (システムエンジニア)・プログラマー(PG)・プロジェクトリーダー(PL),"
職務内容
・EdTech企業にてエンジニアチームのマネジメントや
　マイクロアーキテクトから開発、実装まで幅広い作業をご担当いただきます。
","
求めるスキル

・PHPを用いた開発実務経験3年以上
・AWSを用いた実務経験1年以上
・チームマネジメントの実務経験1年以上
・Codelgniterの知見

【歓迎スキル】
・Rubyの開発経験
・Goの開発経験
・マイクロアーキテクチャの知見
・新規事業やスタートアップでの開発実務経験

※上記に似た経験やスキルをお持ちであれば申し込み可能なケースもございます！まずはお気軽にご相談ください！
自分のスキルで参画できるか相談してみる

","
この会社が扱う技術


言語

PHP
Ruby
Go言語



フレームワーク

CodeIgniter
Backbone.js



その他ツール

AWS



","
精算・お支払い


精算条件

標準となる稼働時間が定められている場合、その契約上、稼働時間が上限値を超過したり、反対に下限値を下回った場合には実際の作業時間に基づき標準となる委託料から増額または減額されることになります。ここではこのような精算のある契約を「有」、精算のない契約については「無」と表記しています。

有



精算基準時間

標準となる稼働時間の上限値・下限値です。業務委託案件の契約上、稼働時間が上限値を超過したり、下限値を下回った場合には実際の作業時間に基づき標準となる委託料から増額または減額されます。


140時間　～　180時間



支払いサイト

報酬お支払いまでの期間です。基本、月末締め翌月15日払いの15日サイトをとっています。※業務委託契約のみに適用※参画する現場により変動する場合があります。


15日


","
現場の環境


詳しくはカウンセラーにお聞きください
※一部の案件に限ります


","
おすすめポイント

20代活躍中
30代活躍中
長期プロジェクト
リーダー経験を活かす
取引実績あり
ベンチャー企業

","サービス規模を急激に拡大している、
新進気鋭のEdTechベンチャー企業でございます。

ビジネスサイドの知見や経験があり、
能動的なコミュニケーションをとれる方にマッチする案件でございます。"
https://freelance.levtech.jp/project/detail/45011/,New 【PHP】介護・医療向け自社サービス開発の求人・案件,"〜850,000円",業務委託（フリーランス）,渋谷（東京都）,業界/職種は取得できませんでした,"
職務内容
・介護系並びに看護系自社サービスにおいて堅牢性・保守性・パフォーマンス等を考慮した、
　要件定義、仕様設計、コードレビューなどの業務に携わっていただきます。
","
求めるスキル

・PHP実務経験3年以上
・Webフロントエンド技術（HTML、JavaScript、CSS）による開発経験
・モダンなJSフレームワーク（Vue.js, React）を使用した開発経験
・RDBMSを利用したアプリケーションの開発経験
・Gitを利用したチームでの開発経験
・Linuxでの実務作業経験
・SymfonyもしくはLaravelでの開発経験

【歓迎スキル】
・アプリケーションの仕様設計経験
・コードレビュー経験

※上記に似た経験やスキルをお持ちであれば申し込み可能なケースもございます！まずはお気軽にご相談ください！
自分のスキルで参画できるか相談してみる

","
この会社が扱う技術


言語

JavaScript



DB

PostgreSQL



その他ツール

GitHub



","
精算・お支払い


精算条件

標準となる稼働時間が定められている場合、その契約上、稼働時間が上限値を超過したり、反対に下限値を下回った場合には実際の作業時間に基づき標準となる委託料から増額または減額されることになります。ここではこのような精算のある契約を「有」、精算のない契約については「無」と表記しています。

有



精算基準時間

標準となる稼働時間の上限値・下限値です。業務委託案件の契約上、稼働時間が上限値を超過したり、下限値を下回った場合には実際の作業時間に基づき標準となる委託料から増額または減額されます。


140時間　～　180時間



支払いサイト

報酬お支払いまでの期間です。基本、月末締め翌月15日払いの15日サイトをとっています。※業務委託契約のみに適用※参画する現場により変動する場合があります。


15日


","
現場の環境


詳しくはカウンセラーにお聞きください
※一部の案件に限ります


",おすすめポイントは取得できませんでした,"レバテックグループ会社サービスでの案件になります。

風通しがよく、意見が通りやすい現場で、
DBも含めた大規模なリニューアルを経ており、モダンな環境下での業務になります。

新しい技術や面白い技術などに積極的に投資していく文化があり、
作業もインハウスで行われているので、意思決定や実施のスピードが速いです。"
https://freelance.levtech.jp/project/detail/44991/,New 【AWS/Ruby】医療サービス向けインフラ開発/運用の求人・案件,"〜650,000円",業務委託（フリーランス）,水天宮前（東京都）,インフラエンジニア,"
職務内容
・医療系サービスのサーバーサイド/インフラ開発、運用をご担当いただきます。
","
求めるスキル

・AWSでのインフラ環境構築経験3年以上
・Rubyでの開発経験

【歓迎スキル】
・React.jsを使った開発経験1年以上
・React Nativeを使った開発経験半年以上
・AWSとTerraformを使ったインフラ開発経験半年以上
・リーダー経験

※上記に似た経験やスキルをお持ちであれば申し込み可能なケースもございます！まずはお気軽にご相談ください！
自分のスキルで参画できるか相談してみる

","
この会社が扱う技術


言語

Ruby



その他ツール

AWS



","
精算・お支払い


精算条件

標準となる稼働時間が定められている場合、その契約上、稼働時間が上限値を超過したり、反対に下限値を下回った場合には実際の作業時間に基づき標準となる委託料から増額または減額されることになります。ここではこのような精算のある契約を「有」、精算のない契約については「無」と表記しています。

有



精算基準時間

標準となる稼働時間の上限値・下限値です。業務委託案件の契約上、稼働時間が上限値を超過したり、下限値を下回った場合には実際の作業時間に基づき標準となる委託料から増額または減額されます。


140時間　～　180時間



支払いサイト

報酬お支払いまでの期間です。基本、月末締め翌月15日払いの15日サイトをとっています。※業務委託契約のみに適用※参画する現場により変動する場合があります。


15日


","
現場の環境


詳しくはカウンセラーにお聞きください
※一部の案件に限ります


",おすすめポイントは取得できませんでした,AWSでのインフラ開発経験が3年以上あり、Rubyでの開発経験がある方にマッチします。
https://freelance.levtech.jp/project/detail/45044/,New 【Ruby】店舗集客アプリ機能追加開発の求人・案件,"〜850,000円",業務委託（フリーランス）,大門（東京都）,SE (システムエンジニア)・プログラマー(PG),"
職務内容
・店舗での在庫管理アプリの機能追加をお任せいたします。
・Rubyでのサーバサイド開発をご担当いただきます。
","
求めるスキル

・Ruby on Railsを利用した開発実務経験2年以上
・要件定義及び設計工程の経験

※上記に似た経験やスキルをお持ちであれば申し込み可能なケースもございます！まずはお気軽にご相談ください！
自分のスキルで参画できるか相談してみる

","
この会社が扱う技術


言語

Ruby



","
精算・お支払い


精算条件

標準となる稼働時間が定められている場合、その契約上、稼働時間が上限値を超過したり、反対に下限値を下回った場合には実際の作業時間に基づき標準となる委託料から増額または減額されることになります。ここではこのような精算のある契約を「有」、精算のない契約については「無」と表記しています。

有



精算基準時間

標準となる稼働時間の上限値・下限値です。業務委託案件の契約上、稼働時間が上限値を超過したり、下限値を下回った場合には実際の作業時間に基づき標準となる委託料から増額または減額されます。


160時間　～　200時間



支払いサイト

報酬お支払いまでの期間です。基本、月末締め翌月15日払いの15日サイトをとっています。※業務委託契約のみに適用※参画する現場により変動する場合があります。


15日


","
現場の環境


詳しくはカウンセラーにお聞きください
※一部の案件に限ります


",おすすめポイントは取得できませんでした,"レバテック実績のある企業の案件です。

チームでコミュニケーションを取りながら
作業したい方におすすめです。"
https://freelance.levtech.jp/project/detail/45001/,New 【AWS】CI/CD新規環境構築の求人・案件,"〜650,000円",業務委託（フリーランス）,品川（東京都）,インフラエンジニア,"
職務内容
・CI/CD環境構築に携わっていただきます｡
・下記を行っていただきます。
-AWS環境構築
-保守運用までの段取り
など
","
求めるスキル

・AWS構築経験(一人称)

【歓迎スキル】
・本番環境へのデプロイ経験(調査解析経験)

※上記に似た経験やスキルをお持ちであれば申し込み可能なケースもございます！まずはお気軽にご相談ください！
自分のスキルで参画できるか相談してみる

","
この会社が扱う技術


その他ツール

AWS



","
精算・お支払い


精算条件

標準となる稼働時間が定められている場合、その契約上、稼働時間が上限値を超過したり、反対に下限値を下回った場合には実際の作業時間に基づき標準となる委託料から増額または減額されることになります。ここではこのような精算のある契約を「有」、精算のない契約については「無」と表記しています。

有



精算基準時間

標準となる稼働時間の上限値・下限値です。業務委託案件の契約上、稼働時間が上限値を超過したり、下限値を下回った場合には実際の作業時間に基づき標準となる委託料から増額または減額されます。


140時間　～　180時間



支払いサイト

報酬お支払いまでの期間です。基本、月末締め翌月15日払いの15日サイトをとっています。※業務委託契約のみに適用※参画する現場により変動する場合があります。


15日


","
現場の環境


詳しくはカウンセラーにお聞きください
※一部の案件に限ります


",おすすめポイントは取得できませんでした,"大型の新規案件に携わっていただきます。

AWS構築の経験がある方にマッチします。"
https://freelance.levtech.jp/project/detail/44989/,New 【TypeScript/React】サーバサイド開発の求人・案件,"〜700,000円",業務委託（フリーランス）,末広町（東京都）,ECサイト・SE (システムエンジニア)・プログラマー(PG),"
職務内容
・音楽配信やECシステムの開発に携わっていただきます。
・具体的には下記作業をご担当いただきます。
　-ライブストリーミング配信システムの開発・運用
　-決済システムの開発・運用
　-管理ツールの開発・運用
・設計から幅広くご担当いただきます。
※ご担当範囲は、スキルや経験および進捗状況により変動いたします。
","
求めるスキル

・TypeScriptを用いたバックエンドシステム開発経験
・React+Reduxを用いたWebアプリ開発経験

【歓迎スキル】
・Firebaseを使用したApp開発経験
・AWS AppSyncを使用したApp開発経験
・サイバーセキュリティに関するシステム設計経験
・AR、VRの開発に関与した経験
・ECの開発に関与した経験

※上記に似た経験やスキルをお持ちであれば申し込み可能なケースもございます！まずはお気軽にご相談ください！
自分のスキルで参画できるか相談してみる

","
この会社が扱う技術


言語

JavaScript
Python



フレームワーク

Node.js
React



その他ツール

AWS
,  GitHub



","
精算・お支払い


精算条件

標準となる稼働時間が定められている場合、その契約上、稼働時間が上限値を超過したり、反対に下限値を下回った場合には実際の作業時間に基づき標準となる委託料から増額または減額されることになります。ここではこのような精算のある契約を「有」、精算のない契約については「無」と表記しています。

有



精算基準時間

標準となる稼働時間の上限値・下限値です。業務委託案件の契約上、稼働時間が上限値を超過したり、下限値を下回った場合には実際の作業時間に基づき標準となる委託料から増額または減額されます。


140時間　～　180時間



支払いサイト

報酬お支払いまでの期間です。基本、月末締め翌月15日払いの15日サイトをとっています。※業務委託契約のみに適用※参画する現場により変動する場合があります。


15日


","
現場の環境


詳しくはカウンセラーにお聞きください
※一部の案件に限ります


","
おすすめポイント

20代活躍中
30代活躍中
新規立ち上げ

","スタートアップ企業にてライブ配信サービスの開発案件になります。

意見やアイディアを十分に反映させることができる風通しの良い環境です。
新しい技術やサービスに日頃から関心を持ち、
成果やプロダクトをアウトプットしていきたい方にオススメの案件です。"
https://freelance.levtech.jp/project/detail/44999/,New 【スポーツ番組】映像中継ディレクションの求人・案件,"〜400,000円",業務委託（フリーランス）,半蔵門（東京都）,放送・出版・音楽・芸能,"
職務内容
国内で開催される野球やバレーボールなどの
スポーツ中継ディレクションをお任せいたします。
","
求めるスキル

・スポーツ番組での中継ディレクション経験

※上記に似た経験やスキルをお持ちであれば申し込み可能なケースもございます！まずはお気軽にご相談ください！
自分のスキルで参画できるか相談してみる

",この会社が扱う技術は取得できませんでした,"
精算・お支払い


精算条件

標準となる稼働時間が定められている場合、その契約上、稼働時間が上限値を超過したり、反対に下限値を下回った場合には実際の作業時間に基づき標準となる委託料から増額または減額されることになります。ここではこのような精算のある契約を「有」、精算のない契約については「無」と表記しています。

有



精算基準時間

標準となる稼働時間の上限値・下限値です。業務委託案件の契約上、稼働時間が上限値を超過したり、下限値を下回った場合には実際の作業時間に基づき標準となる委託料から増額または減額されます。


140時間　～　180時間



支払いサイト

報酬お支払いまでの期間です。基本、月末締め翌月15日払いの15日サイトをとっています。※業務委託契約のみに適用※参画する現場により変動する場合があります。


15日


","
現場の環境


詳しくはカウンセラーにお聞きください
※一部の案件に限ります


","
おすすめポイント

20代活躍中
30代活躍中

","テレビ番組制作、映像技術制作、ネットコンテンツ制作、CM制作、ロケバスサービスなどを一貫して行っている、約60年続く総合プロダクションからの案件です。

国内で開催される野球やバレーボールなどのスポーツ中継業務をお任せいたします。

スポーツが好きな方によりマッチする作業内容です。"
https://freelance.levtech.jp/project/detail/45002/,New 【Linux】損保向けサーバ支援の求人・案件,"〜550,000円",業務委託（フリーランス）,大井町（東京都）,インフラエンジニア・サーバーエンジニア,"
職務内容
・APサーバ、マスタサーバの更改業務に携わっていただきます。
・下記を行っていただきます。
-レビュー、ドキュメント作成
-手順書作成
-サーバの構築運用保守
","
求めるスキル

・インフラ設計の経験
・Linuxの保守運用経験

※上記に似た経験やスキルをお持ちであれば申し込み可能なケースもございます！まずはお気軽にご相談ください！
自分のスキルで参画できるか相談してみる

","
この会社が扱う技術


OS

Linux
CentOS



","
精算・お支払い


精算条件

標準となる稼働時間が定められている場合、その契約上、稼働時間が上限値を超過したり、反対に下限値を下回った場合には実際の作業時間に基づき標準となる委託料から増額または減額されることになります。ここではこのような精算のある契約を「有」、精算のない契約については「無」と表記しています。

有



精算基準時間

標準となる稼働時間の上限値・下限値です。業務委託案件の契約上、稼働時間が上限値を超過したり、下限値を下回った場合には実際の作業時間に基づき標準となる委託料から増額または減額されます。


140時間　～　200時間



支払いサイト

報酬お支払いまでの期間です。基本、月末締め翌月15日払いの15日サイトをとっています。※業務委託契約のみに適用※参画する現場により変動する場合があります。


15日


","
現場の環境


詳しくはカウンセラーにお聞きください
※一部の案件に限ります


","
おすすめポイント

長期プロジェクト
実務経験が浅い方OK

","レバテック実績あり企業でございます。

Linuxサーバの経験がある方におすすめです。"
https://freelance.levtech.jp/project/detail/44987/,New 【Android】店舗集客スマホアプリ向け機能追加の求人・案件,"〜670,000円",業務委託（フリーランス）,浜松町（東京都）,SE (システムエンジニア)・プログラマー(PG),"
職務内容
・リリース済みの店舗集客アプリ向け開発を行っていただきます。
・主に機能追加をご担当いただきます。
","
求めるスキル

・Javaを用いたAndroid開発経験2年以上

【歓迎スキル】
・Daggerのライブラリの利用経験
・RxJavaのライブラリの利用経験

※上記に似た経験やスキルをお持ちであれば申し込み可能なケースもございます！まずはお気軽にご相談ください！
自分のスキルで参画できるか相談してみる

","
この会社が扱う技術


言語

Java



OS

Android



","
精算・お支払い


精算条件

標準となる稼働時間が定められている場合、その契約上、稼働時間が上限値を超過したり、反対に下限値を下回った場合には実際の作業時間に基づき標準となる委託料から増額または減額されることになります。ここではこのような精算のある契約を「有」、精算のない契約については「無」と表記しています。

有



精算基準時間

標準となる稼働時間の上限値・下限値です。業務委託案件の契約上、稼働時間が上限値を超過したり、下限値を下回った場合には実際の作業時間に基づき標準となる委託料から増額または減額されます。


140時間　～　180時間



支払いサイト

報酬お支払いまでの期間です。基本、月末締め翌月15日払いの15日サイトをとっています。※業務委託契約のみに適用※参画する現場により変動する場合があります。


15日


","
現場の環境


詳しくはカウンセラーにお聞きください
※一部の案件に限ります


","
おすすめポイント

20代活躍中
30代活躍中
急募

","大手メーカー向けのシステム開発やソフトウェア開発等、
リモートも含めて様々な案件を持つ企業でございます。

コミュニケーションを取りながら作業を進めることが
得意な方にマッチする案件でございます。"
https://freelance.levtech.jp/project/detail/45019/,New 【上流/Azure】Microsoft 365導入の求人・案件,"〜600,000円",業務委託（フリーランス）,上野（東京都）,インフラエンジニア・SE (システムエンジニア),"
職務内容
・下記を行っていただきます。
-M365導入におけるAzureの要件定義/設計/構築 等
-ADFSの要件定義～構築までの一貫した作業
-検証環境構築及びファジビリティ確認
-手順書やMS情報を参照及び問い合わせしながらの調査/対応
","
求めるスキル

・Azureの設計/構築経験
・ADFSの構築やM365(特にEMS関連)の導入経験
・AzureAD、ADFSの知見

【歓迎スキル】
・条件付きアクセス、ハイブリッドドメイン等を活用した業務経験
・Azure要件定義の経験
・ADCS/OCSP/RADIUS認証等の知見
・Intuneに関する対応経験

※上記に似た経験やスキルをお持ちであれば申し込み可能なケースもございます！まずはお気軽にご相談ください！
自分のスキルで参画できるか相談してみる

","
この会社が扱う技術


その他ツール

Microsoft Azure



","
精算・お支払い


精算条件

標準となる稼働時間が定められている場合、その契約上、稼働時間が上限値を超過したり、反対に下限値を下回った場合には実際の作業時間に基づき標準となる委託料から増額または減額されることになります。ここではこのような精算のある契約を「有」、精算のない契約については「無」と表記しています。

有



精算基準時間

標準となる稼働時間の上限値・下限値です。業務委託案件の契約上、稼働時間が上限値を超過したり、下限値を下回った場合には実際の作業時間に基づき標準となる委託料から増額または減額されます。


140時間　～　180時間



支払いサイト

報酬お支払いまでの期間です。基本、月末締め翌月15日払いの15日サイトをとっています。※業務委託契約のみに適用※参画する現場により変動する場合があります。


15日


","
現場の環境


詳しくはカウンセラーにお聞きください
※一部の案件に限ります


","
おすすめポイント

長期プロジェクト

","レバテック実績有りの企業です。

Azureの上流工程経験がある方にマッチします。"
https://freelance.levtech.jp/project/detail/45024/,New 【PM】WEB系アプリケーション開発の求人・案件,"〜750,000円",業務委託（フリーランス）,新御徒町（東京都）,プロジェクトマネージャー(PM),"
職務内容
・下記を行っていただきます｡
-仕様書、設計書の作成
-要件定義フェーズに帯同（打ち合わせ同席あり）
","
求めるスキル

・仕様書、設計書の作成経験

【歓迎スキル】
・PMのご経験
・英語スキル（読み書き）
・プログラミング経験

※上記に似た経験やスキルをお持ちであれば申し込み可能なケースもございます！まずはお気軽にご相談ください！
自分のスキルで参画できるか相談してみる

",この会社が扱う技術は取得できませんでした,"
精算・お支払い


精算条件

標準となる稼働時間が定められている場合、その契約上、稼働時間が上限値を超過したり、反対に下限値を下回った場合には実際の作業時間に基づき標準となる委託料から増額または減額されることになります。ここではこのような精算のある契約を「有」、精算のない契約については「無」と表記しています。

有



精算基準時間

標準となる稼働時間の上限値・下限値です。業務委託案件の契約上、稼働時間が上限値を超過したり、下限値を下回った場合には実際の作業時間に基づき標準となる委託料から増額または減額されます。


140時間　～　180時間



支払いサイト

報酬お支払いまでの期間です。基本、月末締め翌月15日払いの15日サイトをとっています。※業務委託契約のみに適用※参画する現場により変動する場合があります。


15日


","
現場の環境


詳しくはカウンセラーにお聞きください
※一部の案件に限ります


","
おすすめポイント

外国籍の方も活躍中
外国語を活かす
リーダー経験を活かす

","Webサイト制作、メディア運営、Webサービスを展開する企業です。 
企画、ブランディング、プロモーションへのこだわりが強く、 
一人一人が高いクリエイティビティをもっている現場です。 

開発PMの経験が有る方にマッチする案件です。"
https://freelance.levtech.jp/project/detail/45036/,New 【PHP】SPAアプリ向け構築の求人・案件,"〜650,000円",業務委託（フリーランス）,本郷三丁目（東京都）,生命保険・SE (システムエンジニア)・プログラマー(PG),"
職務内容
・金融、保険業向けWebシステムの構築を行っていただきます。
","
求めるスキル

・フロントエンド、バックエンド問わずWebアプリ(SPA)開発経験
・5年以上のプログラム開発経験(PHP、Node.js、JavaScript等)

【歓迎スキル】
・PHPもしくはNode.js(TypeScript)を使った開発経験

※上記に似た経験やスキルをお持ちであれば申し込み可能なケースもございます！まずはお気軽にご相談ください！
自分のスキルで参画できるか相談してみる

","
この会社が扱う技術


言語

JavaScript
PHP



フレームワーク

Node.js



","
精算・お支払い


精算条件

標準となる稼働時間が定められている場合、その契約上、稼働時間が上限値を超過したり、反対に下限値を下回った場合には実際の作業時間に基づき標準となる委託料から増額または減額されることになります。ここではこのような精算のある契約を「有」、精算のない契約については「無」と表記しています。

有



精算基準時間

標準となる稼働時間の上限値・下限値です。業務委託案件の契約上、稼働時間が上限値を超過したり、下限値を下回った場合には実際の作業時間に基づき標準となる委託料から増額または減額されます。


140時間　～　180時間



支払いサイト

報酬お支払いまでの期間です。基本、月末締め翌月15日払いの15日サイトをとっています。※業務委託契約のみに適用※参画する現場により変動する場合があります。


15日


","
現場の環境


詳しくはカウンセラーにお聞きください
※一部の案件に限ります


","
おすすめポイント

長期プロジェクト

","レバテック実績のある企業でございます。

プログラム開発経験が5年以上ある方にマッチします。"
https://freelance.levtech.jp/project/detail/45034/,New 【Swift】決済ウォレットアプリ開発の求人・案件,"〜700,000円",業務委託（フリーランス）,渋谷（東京都）,SE (システムエンジニア),"
職務内容
・AndroidまたはiOSで開発中の決済用ウォレットアプリの
　実装、UI実装をを中心に携わっていただきます。
・要件定義や設計にも携わっていただく場合もあります。
","
求めるスキル

・Swiftを用いた開発実務経験
・アプリ開発経験3年以上

【歓迎スキル】
・大手クライアントプロジェクトの参画経験
・一人称での開発経験

※上記に似た経験やスキルをお持ちであれば申し込み可能なケースもございます！まずはお気軽にご相談ください！
自分のスキルで参画できるか相談してみる

","
この会社が扱う技術


言語

Swift



OS

Android
iOS



","
精算・お支払い


精算条件

標準となる稼働時間が定められている場合、その契約上、稼働時間が上限値を超過したり、反対に下限値を下回った場合には実際の作業時間に基づき標準となる委託料から増額または減額されることになります。ここではこのような精算のある契約を「有」、精算のない契約については「無」と表記しています。

有



精算基準時間

標準となる稼働時間の上限値・下限値です。業務委託案件の契約上、稼働時間が上限値を超過したり、下限値を下回った場合には実際の作業時間に基づき標準となる委託料から増額または減額されます。


140時間　～　180時間



支払いサイト

報酬お支払いまでの期間です。基本、月末締め翌月15日払いの15日サイトをとっています。※業務委託契約のみに適用※参画する現場により変動する場合があります。


15日


","
現場の環境


詳しくはカウンセラーにお聞きください
※一部の案件に限ります


",おすすめポイントは取得できませんでした,"チームで開発を行っていただきますので
コミュニケーションが得意な方におすすめの案件です。

新しい技術に興味を持って
前向きに取り組める方にマッチいたします。"
https://freelance.levtech.jp/project/detail/44979/,New 【PHP】Webマーケティング支援ツール開発の求人・案件,"〜700,000円",業務委託（フリーランス）,代官山（東京都）,プログラマー(PG),"
職務内容
PHPを用いてWebサービスの開発や運用を行っていただきます。
※担当範囲は、ご経験および進捗状況により変動いたします。
","
求めるスキル

・Webサービスの開発実務経験3年以上
・PHPを用いた開発経験

【歓迎スキル】
・Ruby、Goなどオープン系言語を用いた開発経験

※上記に似た経験やスキルをお持ちであれば申し込み可能なケースもございます！まずはお気軽にご相談ください！
自分のスキルで参画できるか相談してみる

",この会社が扱う技術は取得できませんでした,"
精算・お支払い


精算条件

標準となる稼働時間が定められている場合、その契約上、稼働時間が上限値を超過したり、反対に下限値を下回った場合には実際の作業時間に基づき標準となる委託料から増額または減額されることになります。ここではこのような精算のある契約を「有」、精算のない契約については「無」と表記しています。

有



精算基準時間

標準となる稼働時間の上限値・下限値です。業務委託案件の契約上、稼働時間が上限値を超過したり、下限値を下回った場合には実際の作業時間に基づき標準となる委託料から増額または減額されます。


140時間　～　180時間



支払いサイト

報酬お支払いまでの期間です。基本、月末締め翌月15日払いの15日サイトをとっています。※業務委託契約のみに適用※参画する現場により変動する場合があります。


15日


","
現場の環境


詳しくはカウンセラーにお聞きください
※一部の案件に限ります


","
おすすめポイント

20代活躍中
30代活躍中
長期プロジェクト
新規立ち上げ

","スタートアップ企業にて自社サービスの開発案件になります。

意見やアイディアを十分に反映させることができる風通しの良い環境です。
新しい技術やサービスに日頃から関心を持ち、
成果やプロダクトをアウトプットしていきたい方にオススメの案件です。"
https://freelance.levtech.jp/project/detail/45022/,New 【Linux/AWS/GCP】旅行業向けインフラ構築の求人・案件,"〜550,000円",業務委託（フリーランス）,豊洲（東京都）,インフラエンジニア,"
職務内容
・旅行業向けのインフラ構築をご担当いただきます。
・下記を行っていただきます。
-Azure上でKubernetes(AKS)/PostgreSQL 等を用いた
　アプリケーション稼動環境の環境設計/構築/運用設計
-環境構築にあたりTerraform/Azure CLI 等を用いInfrastructure as Codeの実現
-SRE(Site Reliability Engineering)的視点での構築
","
求めるスキル

・アプリケーション開発メンバーと共に開発した経験
・JVM(Java Virtual Machine)アプリケーションの運用(監視 等)経験
・コンテナ技術知見
・Linux環境関連経験
・AWS/GCPを含むパブリッククラウド経験

【歓迎スキル】
・下記の経験/知見があること
-Kubernetes
-PostgreSQL
-Terraform
-Azure
-DevSecOps
・アプリケーション開発経験
・ビジネスレベルの英語力

※上記に似た経験やスキルをお持ちであれば申し込み可能なケースもございます！まずはお気軽にご相談ください！
自分のスキルで参画できるか相談してみる

","
この会社が扱う技術


言語

Java



DB

PostgreSQL



OS

Linux



その他ツール

AWS
,  Microsoft Azure



",精算・お支払いは取得できませんでした,"
現場の環境


詳しくはカウンセラーにお聞きください
※一部の案件に限ります


",おすすめポイントは取得できませんでした,"レバテック実績有りの企業です。

Azureの知見があり、アプリケーション開発に携わった経験がある方にマッチします。"
https://freelance.levtech.jp/project/detail/45026/,New 【ヘルプデスク】サポートシステム管理の求人・案件,"〜450,000円",業務委託（フリーランス）,渋谷（東京都）,業界/職種は取得できませんでした,"
職務内容
・サポートシステム管理部門でのヘルプデスクをご担当いただきます。
・下記を行っていただきます。
-PCセットアップと運用管理
-携帯電話及びスマホのセットアップと運用管理
-ユーザーサポート業務(一部管轄全体サポート含む)
","
求めるスキル

・システムのヘルプデスク経験 3年以上

※上記に似た経験やスキルをお持ちであれば申し込み可能なケースもございます！まずはお気軽にご相談ください！
自分のスキルで参画できるか相談してみる

",この会社が扱う技術は取得できませんでした,"
精算・お支払い


精算条件

標準となる稼働時間が定められている場合、その契約上、稼働時間が上限値を超過したり、反対に下限値を下回った場合には実際の作業時間に基づき標準となる委託料から増額または減額されることになります。ここではこのような精算のある契約を「有」、精算のない契約については「無」と表記しています。

無



支払いサイト

報酬お支払いまでの期間です。基本、月末締め翌月15日払いの15日サイトをとっています。※業務委託契約のみに適用※参画する現場により変動する場合があります。


15日


","
現場の環境


詳しくはカウンセラーにお聞きください
※一部の案件に限ります


","
おすすめポイント

長期プロジェクト

","レバテック実績有りの企業でございます｡

ヘルプデスク経験が3年以上ある方にマッチします。"
https://freelance.levtech.jp/project/detail/45041/,New 【Ruby】不動産系メディア開発の求人・案件,"〜950,000円",業務委託（フリーランス）,六本木一丁目（東京都）,サーバーエンジニア・SE (システムエンジニア),"
職務内容
・Ruby on Railsを用いて不動産一括査定メディアの実装をご担当いただきます。
・ご経験やスキルによりインフラ及びフロントエンド等の実装もご対応いただきます。
・プロダクトの状況次第で、他ブロジェクトの開発もご担当いただく場合もございます。
","
求めるスキル

・エンジニアとしての実務経験3年以上 
・プロダクトマネージャー、デザイナー、コーダー等の職種を横断したチームでの開発経験
・コードレビューやテストコードの実装など品質を考慮した開発経験
・GitHubを用いた開発経験

【歓迎スキル】
・AWSを用いたインフラの構築、運用経験
・Dockerを用いたWebサービス運用経験
・Javaを用いた開発経験
・技術選定や開発フローの改善などテックリードの経験
・アジャイル開発の経験
・OSSの開発経験

※上記に似た経験やスキルをお持ちであれば申し込み可能なケースもございます！まずはお気軽にご相談ください！
自分のスキルで参画できるか相談してみる

","
この会社が扱う技術


言語

Ruby



DB

MySQL
Redis



その他ツール

AWS
,  Git
,  GitHub
,  re:dash



","
精算・お支払い


精算条件

標準となる稼働時間が定められている場合、その契約上、稼働時間が上限値を超過したり、反対に下限値を下回った場合には実際の作業時間に基づき標準となる委託料から増額または減額されることになります。ここではこのような精算のある契約を「有」、精算のない契約については「無」と表記しています。

有



精算基準時間

標準となる稼働時間の上限値・下限値です。業務委託案件の契約上、稼働時間が上限値を超過したり、下限値を下回った場合には実際の作業時間に基づき標準となる委託料から増額または減額されます。


140時間　～　180時間



支払いサイト

報酬お支払いまでの期間です。基本、月末締め翌月15日払いの15日サイトをとっています。※業務委託契約のみに適用※参画する現場により変動する場合があります。


15日


","
現場の環境


詳しくはカウンセラーにお聞きください
※一部の案件に限ります


","
おすすめポイント

ベンチャー企業

","レバテック実績ありの企業でございます。

Webマーケティング事業を軸に、
様々な新規事業を立ち上げを行っているベンチャー企業でございます。

2015年度に入り開発体制を刷新し、
GolangやRuby on Rails、AWS等の新技術の積極導入や技術顧問の登用など、
よりエンジニアにとって働きやすい環境作りに積極的な社風となっております。

各事業と密接に関わりながら開発を進めていくため、
自分が関わるサービスを既存メンバーと一緒に成長させていきたいという、
サービス志向性の高い方にマッチしております。"
https://freelance.levtech.jp/project/detail/44994/,New 【PHP/Laravel】順番待ち予約システム開発の求人・案件,"〜800,000円",業務委託（フリーランス）,池袋（東京都）,SE (システムエンジニア)・プログラマー(PG),"
職務内容
・順番待ち予約アプリの開発に携わっていただきます。
・要件定義～実装、テストまで幅広くご担当いただきます。
","
求めるスキル

・システム開発の実務経験3年以上
・PHPを用いた開発経験3年以上
・Laravelを用いた開発経験

【歓迎スキル】
・PHP7以上の開発経験
・Laravel5以上の開発経験
・ECサイト開発の経験
・仮想開発環境の構築経験
・AWS環境での開発経験

※上記に似た経験やスキルをお持ちであれば申し込み可能なケースもございます！まずはお気軽にご相談ください！
自分のスキルで参画できるか相談してみる

","
この会社が扱う技術


言語

PHP



フレームワーク

Laravel



その他ツール

AWS



","
精算・お支払い


精算条件

標準となる稼働時間が定められている場合、その契約上、稼働時間が上限値を超過したり、反対に下限値を下回った場合には実際の作業時間に基づき標準となる委託料から増額または減額されることになります。ここではこのような精算のある契約を「有」、精算のない契約については「無」と表記しています。

有



精算基準時間

標準となる稼働時間の上限値・下限値です。業務委託案件の契約上、稼働時間が上限値を超過したり、下限値を下回った場合には実際の作業時間に基づき標準となる委託料から増額または減額されます。


150時間　～　180時間



支払いサイト

報酬お支払いまでの期間です。基本、月末締め翌月15日払いの15日サイトをとっています。※業務委託契約のみに適用※参画する現場により変動する場合があります。


15日


","
現場の環境


詳しくはカウンセラーにお聞きください
※一部の案件に限ります


","
おすすめポイント

20代活躍中
30代活躍中

","レバテック実績のある企業です。
施設予約や順番受付などのアプリを運用しており、
飲食店や医療、美容など幅広くサービス展開しています。

チームでの開発経験がある方にマッチいたします。"
https://freelance.levtech.jp/project/detail/44995/,New 【VMware】クレジットカード会社向けシステム運用/保守の求人・案件,"〜550,000円",業務委託（フリーランス）,本郷三丁目（東京都）,インフラエンジニア,"
職務内容
・下記を行っていただきます。
-基幹システムの運用/保守
-クライアントPCのOS移行
","
求めるスキル

・VMwareの運用保守経験
・運用設計の経験

※上記に似た経験やスキルをお持ちであれば申し込み可能なケースもございます！まずはお気軽にご相談ください！
自分のスキルで参画できるか相談してみる

","
この会社が扱う技術


その他ツール

VMware



","
精算・お支払い


精算条件

標準となる稼働時間が定められている場合、その契約上、稼働時間が上限値を超過したり、反対に下限値を下回った場合には実際の作業時間に基づき標準となる委託料から増額または減額されることになります。ここではこのような精算のある契約を「有」、精算のない契約については「無」と表記しています。

有



精算基準時間

標準となる稼働時間の上限値・下限値です。業務委託案件の契約上、稼働時間が上限値を超過したり、下限値を下回った場合には実際の作業時間に基づき標準となる委託料から増額または減額されます。


140時間　～　190時間



支払いサイト

報酬お支払いまでの期間です。基本、月末締め翌月15日払いの15日サイトをとっています。※業務委託契約のみに適用※参画する現場により変動する場合があります。


15日


","
現場の環境


詳しくはカウンセラーにお聞きください
※一部の案件に限ります


","
おすすめポイント

長期プロジェクト

","レバテック実績あり企業の案件です。

VMwareの運用保守経験がある方にマッチします。"
https://freelance.levtech.jp/project/detail/45039/,New 【Android】店舗集客アプリ機能追加開発の求人・案件,"〜850,000円",業務委託（フリーランス）,大門（東京都）,SE (システムエンジニア)・プログラマー(PG),"
職務内容
・店舗集客のためのアプリケーションの機能追加をお任せいたします。
・Androidの開発をご担当いただきます。
・iOSはSwiftで、AndroidはJavaで開発を行っていただきます。
","
求めるスキル

・Javaを用いたAndroidの開発実務経験2年以上
・Daggerの実務での利用経験
・RxJavaの実務での利用経験

※上記に似た経験やスキルをお持ちであれば申し込み可能なケースもございます！まずはお気軽にご相談ください！
自分のスキルで参画できるか相談してみる

","
この会社が扱う技術


OS

Android



","
精算・お支払い


精算条件

標準となる稼働時間が定められている場合、その契約上、稼働時間が上限値を超過したり、反対に下限値を下回った場合には実際の作業時間に基づき標準となる委託料から増額または減額されることになります。ここではこのような精算のある契約を「有」、精算のない契約については「無」と表記しています。

有



精算基準時間

標準となる稼働時間の上限値・下限値です。業務委託案件の契約上、稼働時間が上限値を超過したり、下限値を下回った場合には実際の作業時間に基づき標準となる委託料から増額または減額されます。


160時間　～　200時間



支払いサイト

報酬お支払いまでの期間です。基本、月末締め翌月15日払いの15日サイトをとっています。※業務委託契約のみに適用※参画する現場により変動する場合があります。


15日


","
現場の環境


詳しくはカウンセラーにお聞きください
※一部の案件に限ります


",おすすめポイントは取得できませんでした,"レバテック実績のある企業の案件です。

チームでコミュニケーションを取りながら
作業したい方におすすめです。"
https://freelance.levtech.jp/project/detail/45016/,New 【フロントエンド（Vue.js/Typescript)】スポーツ系Webサービス開発の求人・案件,"〜800,000円",業務委託（フリーランス）,渋谷（東京都）,フロントエンドエンジニア,"
職務内容
・スポーツにまつわる教育育成事業向けのシステム開発案件でございます。
・フロントをメインでおまかせいたしますが、
ご参画いただく方の希望と経験に応じて、フルスタックに携わっていただきます。
","
求めるスキル

・Vuejs + Vuexによる開発経験
・TypeScriptによる開発経験
・CSS or Sassの経験
・単体テスト、結合テストの経験

【歓迎スキル】
・Nuxtjs による開発経験
・テックリードの経験
・BtoCサービスの設計・開発・運用経験
・atomic designの経験
・サーバサイドの開発経験
・UIUXに対する理解と知見
・アジャイルによる開発経験
・スポーツが好きであること

※上記に似た経験やスキルをお持ちであれば申し込み可能なケースもございます！まずはお気軽にご相談ください！
自分のスキルで参画できるか相談してみる

","
この会社が扱う技術


言語

JavaScript
CSS
Sass



","
精算・お支払い


精算条件

標準となる稼働時間が定められている場合、その契約上、稼働時間が上限値を超過したり、反対に下限値を下回った場合には実際の作業時間に基づき標準となる委託料から増額または減額されることになります。ここではこのような精算のある契約を「有」、精算のない契約については「無」と表記しています。

有



精算基準時間

標準となる稼働時間の上限値・下限値です。業務委託案件の契約上、稼働時間が上限値を超過したり、下限値を下回った場合には実際の作業時間に基づき標準となる委託料から増額または減額されます。


140時間　～　180時間



支払いサイト

報酬お支払いまでの期間です。基本、月末締め翌月15日払いの15日サイトをとっています。※業務委託契約のみに適用※参画する現場により変動する場合があります。


15日


","
現場の環境


詳しくはカウンセラーにお聞きください
※一部の案件に限ります


","
おすすめポイント

20代活躍中
30代活躍中

","スポーツ×人の教育を軸としたサービスを展開している企業です。

コミュニケーションを取りながら開発を進めていく環境の中で、
裁量を持って携わりたい方におすすめの案件です。"
https://freelance.levtech.jp/project/detail/44938/,New 【Oracle】通信会社向け契約管理システム支援の求人・案件,"〜620,000円",業務委託（フリーランス）,品川（東京都）,通信・インフラエンジニア・データベースエンジニア,"
職務内容
・通信会社向け契約管理システム支援に携わっていただきます。
・DBAリーダーのサポートを行っていただきます。
","
求めるスキル

・Oracle(Oracle Enterprise Manager)のご経験

※上記に似た経験やスキルをお持ちであれば申し込み可能なケースもございます！まずはお気軽にご相談ください！
自分のスキルで参画できるか相談してみる

","
この会社が扱う技術


DB

Oracle



","
精算・お支払い


精算条件

標準となる稼働時間が定められている場合、その契約上、稼働時間が上限値を超過したり、反対に下限値を下回った場合には実際の作業時間に基づき標準となる委託料から増額または減額されることになります。ここではこのような精算のある契約を「有」、精算のない契約については「無」と表記しています。

有



精算基準時間

標準となる稼働時間の上限値・下限値です。業務委託案件の契約上、稼働時間が上限値を超過したり、下限値を下回った場合には実際の作業時間に基づき標準となる委託料から増額または減額されます。


150時間　～　200時間



支払いサイト

報酬お支払いまでの期間です。基本、月末締め翌月15日払いの15日サイトをとっています。※業務委託契約のみに適用※参画する現場により変動する場合があります。


15日


","
現場の環境


詳しくはカウンセラーにお聞きください
※一部の案件に限ります


",おすすめポイントは取得できませんでした,"レバテック実績有りの企業です。

Oracle Enterprise Manager経験がある方にマッチします。"
https://freelance.levtech.jp/project/detail/45007/,New 【AWS】教育育成事業向けシステム開発の求人・案件,"〜710,000円",業務委託（フリーランス）,渋谷（東京都）,インフラエンジニア,"
職務内容
・教育育成事業向けのシステム開発案件になります。
・インフラ環境の設計、構築を行っていただきます。
","
求めるスキル

・AWSを全般的に用いたWebアプリケーションのインフラ構築経験2年以上
・DevOpsの設計経験

【歓迎スキル】
・Docker Kubernetes等のコンテナ技術知見
・ テックリードの経験
・ BtoCサービスの設計/開発/運用経験

※上記に似た経験やスキルをお持ちであれば申し込み可能なケースもございます！まずはお気軽にご相談ください！
自分のスキルで参画できるか相談してみる

","
この会社が扱う技術


その他ツール

AWS
,  Docker



","
精算・お支払い


精算条件

標準となる稼働時間が定められている場合、その契約上、稼働時間が上限値を超過したり、反対に下限値を下回った場合には実際の作業時間に基づき標準となる委託料から増額または減額されることになります。ここではこのような精算のある契約を「有」、精算のない契約については「無」と表記しています。

有



精算基準時間

標準となる稼働時間の上限値・下限値です。業務委託案件の契約上、稼働時間が上限値を超過したり、下限値を下回った場合には実際の作業時間に基づき標準となる委託料から増額または減額されます。


140時間　～　180時間



支払いサイト

報酬お支払いまでの期間です。基本、月末締め翌月15日払いの15日サイトをとっています。※業務委託契約のみに適用※参画する現場により変動する場合があります。


15日


","
現場の環境


詳しくはカウンセラーにお聞きください
※一部の案件に限ります


",おすすめポイントは取得できませんでした,"スポーツ×人の教育を軸としたサービスを展開している企業です。

AWSを用いたインフラ構築経験が2年以上ある方にマッチします。"
